,uid,topology,iteration,nodes,event,size_gb,time_seconds
0,kary-1-6,kary-1,3,6,create-archive,1,4.042
1,kary-1-6,kary-1,3,6,distribute-all-nodes,1,3.44
2,kary-1-6,kary-1,3,6,clean-all-nodes,1,0.316
3,kary-1-6,kary-1,3,6,delete-archive-all-nodes,1,0.031
4,kary-1-6,kary-1,3,6,create-leaf-nodes,1,3.948
5,kary-1-6,kary-1,3,6,distribute-leaf-nodes,1,2.682
6,kary-1-6,kary-1,3,6,clean-leaf-nodes,1,0.318
7,kary-1-6,kary-1,3,6,delete-archive-leaf-nodes,1,0.031
8,kary-1-6,kary-1,3,6,create-middle-nodes,1,3.984
9,kary-1-6,kary-1,3,6,distribute-middle-nodes-0,1,2.635
10,kary-1-6,kary-1,3,6,distribute-middle-nodes-1,1,2.649
11,kary-1-6,kary-1,3,6,clean-middle-nodes,1,0.319
12,kary-1-6,kary-1,3,6,delete-archive-middle-nodes,1,0.03
13,kary-1-6,kary-1,3,6,create-archive,2,7.93
14,kary-1-6,kary-1,3,6,distribute-all-nodes,2,5.348
15,kary-1-6,kary-1,3,6,clean-all-nodes,2,0.606
16,kary-1-6,kary-1,3,6,delete-archive-all-nodes,2,0.031
17,kary-1-6,kary-1,3,6,create-leaf-nodes,2,7.679
18,kary-1-6,kary-1,3,6,distribute-leaf-nodes,2,5.225
19,kary-1-6,kary-1,3,6,clean-leaf-nodes,2,0.599
20,kary-1-6,kary-1,3,6,delete-archive-leaf-nodes,2,0.031
21,kary-1-6,kary-1,3,6,create-middle-nodes,2,7.885
22,kary-1-6,kary-1,3,6,distribute-middle-nodes-0,2,5.256
23,kary-1-6,kary-1,3,6,distribute-middle-nodes-1,2,5.083
24,kary-1-6,kary-1,3,6,clean-middle-nodes,2,0.894
25,kary-1-6,kary-1,3,6,delete-archive-middle-nodes,2,0.03
26,kary-1-6,kary-1,0,6,create-archive,1,4.033
27,kary-1-6,kary-1,0,6,distribute-all-nodes,1,3.277
28,kary-1-6,kary-1,0,6,clean-all-nodes,1,0.317
29,kary-1-6,kary-1,0,6,delete-archive-all-nodes,1,0.031
30,kary-1-6,kary-1,0,6,create-leaf-nodes,1,4.014
31,kary-1-6,kary-1,0,6,distribute-leaf-nodes,1,2.611
32,kary-1-6,kary-1,0,6,clean-leaf-nodes,1,0.311
33,kary-1-6,kary-1,0,6,delete-archive-leaf-nodes,1,0.03
34,kary-1-6,kary-1,0,6,create-middle-nodes,1,4.008
35,kary-1-6,kary-1,0,6,distribute-middle-nodes-0,1,2.552
36,kary-1-6,kary-1,0,6,distribute-middle-nodes-1,1,2.649
37,kary-1-6,kary-1,0,6,clean-middle-nodes,1,0.316
38,kary-1-6,kary-1,0,6,delete-archive-middle-nodes,1,0.03
39,kary-1-6,kary-1,0,6,create-archive,2,7.832
40,kary-1-6,kary-1,0,6,distribute-all-nodes,2,5.361
41,kary-1-6,kary-1,0,6,clean-all-nodes,2,0.605
42,kary-1-6,kary-1,0,6,delete-archive-all-nodes,2,0.032
43,kary-1-6,kary-1,0,6,create-leaf-nodes,2,7.792
44,kary-1-6,kary-1,0,6,distribute-leaf-nodes,2,5.206
45,kary-1-6,kary-1,0,6,clean-leaf-nodes,2,0.604
46,kary-1-6,kary-1,0,6,delete-archive-leaf-nodes,2,0.031
47,kary-1-6,kary-1,0,6,create-middle-nodes,2,8.01
48,kary-1-6,kary-1,0,6,distribute-middle-nodes-0,2,5.313
49,kary-1-6,kary-1,0,6,distribute-middle-nodes-1,2,4.985
50,kary-1-6,kary-1,0,6,clean-middle-nodes,2,8.476
51,kary-1-6,kary-1,0,6,delete-archive-middle-nodes,2,0.031
52,kary-1-6,kary-1,1,6,create-archive,1,4.013
53,kary-1-6,kary-1,1,6,distribute-all-nodes,1,3.326
54,kary-1-6,kary-1,1,6,clean-all-nodes,1,0.319
55,kary-1-6,kary-1,1,6,delete-archive-all-nodes,1,0.031
56,kary-1-6,kary-1,1,6,create-leaf-nodes,1,3.991
57,kary-1-6,kary-1,1,6,distribute-leaf-nodes,1,2.534
58,kary-1-6,kary-1,1,6,clean-leaf-nodes,1,0.315
59,kary-1-6,kary-1,1,6,delete-archive-leaf-nodes,1,0.03
60,kary-1-6,kary-1,1,6,create-middle-nodes,1,4.038
61,kary-1-6,kary-1,1,6,distribute-middle-nodes-0,1,2.612
62,kary-1-6,kary-1,1,6,distribute-middle-nodes-1,1,2.533
63,kary-1-6,kary-1,1,6,clean-middle-nodes,1,0.312
64,kary-1-6,kary-1,1,6,delete-archive-middle-nodes,1,0.03
65,kary-1-6,kary-1,1,6,create-archive,2,7.974
66,kary-1-6,kary-1,1,6,distribute-all-nodes,2,5.35
67,kary-1-6,kary-1,1,6,clean-all-nodes,2,0.61
68,kary-1-6,kary-1,1,6,delete-archive-all-nodes,2,0.031
69,kary-1-6,kary-1,1,6,create-leaf-nodes,2,7.849
70,kary-1-6,kary-1,1,6,distribute-leaf-nodes,2,5.106
71,kary-1-6,kary-1,1,6,clean-leaf-nodes,2,0.596
72,kary-1-6,kary-1,1,6,delete-archive-leaf-nodes,2,0.03
73,kary-1-6,kary-1,1,6,create-middle-nodes,2,7.88
74,kary-1-6,kary-1,1,6,distribute-middle-nodes-0,2,5.298
75,kary-1-6,kary-1,1,6,distribute-middle-nodes-1,2,5.328
76,kary-1-6,kary-1,1,6,clean-middle-nodes,2,0.995
77,kary-1-6,kary-1,1,6,delete-archive-middle-nodes,2,0.031
78,kary-1-6,kary-1,2,6,create-archive,1,4.034
79,kary-1-6,kary-1,2,6,distribute-all-nodes,1,3.469
80,kary-1-6,kary-1,2,6,clean-all-nodes,1,0.314
81,kary-1-6,kary-1,2,6,delete-archive-all-nodes,1,0.031
82,kary-1-6,kary-1,2,6,create-leaf-nodes,1,4.021
83,kary-1-6,kary-1,2,6,distribute-leaf-nodes,1,2.687
84,kary-1-6,kary-1,2,6,clean-leaf-nodes,1,0.317
85,kary-1-6,kary-1,2,6,delete-archive-leaf-nodes,1,0.03
86,kary-1-6,kary-1,2,6,create-middle-nodes,1,3.993
87,kary-1-6,kary-1,2,6,distribute-middle-nodes-0,1,2.612
88,kary-1-6,kary-1,2,6,distribute-middle-nodes-1,1,2.719
89,kary-1-6,kary-1,2,6,clean-middle-nodes,1,0.32
90,kary-1-6,kary-1,2,6,delete-archive-middle-nodes,1,0.031
91,kary-1-6,kary-1,2,6,create-archive,2,7.933
92,kary-1-6,kary-1,2,6,distribute-all-nodes,2,5.211
93,kary-1-6,kary-1,2,6,clean-all-nodes,2,0.604
94,kary-1-6,kary-1,2,6,delete-archive-all-nodes,2,0.03
95,kary-1-6,kary-1,2,6,create-leaf-nodes,2,7.996
96,kary-1-6,kary-1,2,6,distribute-leaf-nodes,2,5.04
97,kary-1-6,kary-1,2,6,clean-leaf-nodes,2,0.606
98,kary-1-6,kary-1,2,6,delete-archive-leaf-nodes,2,0.031
99,kary-1-6,kary-1,2,6,create-middle-nodes,2,8.001
100,kary-1-6,kary-1,2,6,distribute-middle-nodes-0,2,5.29
101,kary-1-6,kary-1,2,6,distribute-middle-nodes-1,2,5.288
102,kary-1-6,kary-1,2,6,clean-middle-nodes,2,0.603
103,kary-1-6,kary-1,2,6,delete-archive-middle-nodes,2,0.031
104,kary-1-6,kary-1,4,6,create-archive,1,4.082
105,kary-1-6,kary-1,4,6,distribute-all-nodes,1,3.065
106,kary-1-6,kary-1,4,6,clean-all-nodes,1,0.32
107,kary-1-6,kary-1,4,6,delete-archive-all-nodes,1,0.031
108,kary-1-6,kary-1,4,6,create-leaf-nodes,1,3.931
109,kary-1-6,kary-1,4,6,distribute-leaf-nodes,1,2.621
110,kary-1-6,kary-1,4,6,clean-leaf-nodes,1,0.316
111,kary-1-6,kary-1,4,6,delete-archive-leaf-nodes,1,0.03
112,kary-1-6,kary-1,4,6,create-middle-nodes,1,4.018
113,kary-1-6,kary-1,4,6,distribute-middle-nodes-0,1,2.463
114,kary-1-6,kary-1,4,6,distribute-middle-nodes-1,1,2.678
115,kary-1-6,kary-1,4,6,clean-middle-nodes,1,0.315
116,kary-1-6,kary-1,4,6,delete-archive-middle-nodes,1,0.031
117,kary-1-6,kary-1,4,6,create-archive,2,8.039
118,kary-1-6,kary-1,4,6,distribute-all-nodes,2,5.508
119,kary-1-6,kary-1,4,6,clean-all-nodes,2,0.687
120,kary-1-6,kary-1,4,6,delete-archive-all-nodes,2,0.031
121,kary-1-6,kary-1,4,6,create-leaf-nodes,2,7.931
122,kary-1-6,kary-1,4,6,distribute-leaf-nodes,2,5.162
123,kary-1-6,kary-1,4,6,clean-leaf-nodes,2,0.601
124,kary-1-6,kary-1,4,6,delete-archive-leaf-nodes,2,0.031
125,kary-1-6,kary-1,4,6,create-middle-nodes,2,7.934
126,kary-1-6,kary-1,4,6,distribute-middle-nodes-0,2,5.28
127,kary-1-6,kary-1,4,6,distribute-middle-nodes-1,2,5.236
128,kary-1-6,kary-1,4,6,clean-middle-nodes,2,9.695
129,kary-1-6,kary-1,4,6,delete-archive-middle-nodes,2,0.031
130,binomial-6,binomial,3,6,create-archive,1,4.021
131,binomial-6,binomial,3,6,distribute-all-nodes,1,3.334
132,binomial-6,binomial,3,6,clean-all-nodes,1,0.316
133,binomial-6,binomial,3,6,delete-archive-all-nodes,1,0.024
134,binomial-6,binomial,3,6,create-leaf-nodes,1,3.985
135,binomial-6,binomial,3,6,distribute-leaf-nodes,1,2.616
136,binomial-6,binomial,3,6,clean-leaf-nodes,1,0.314
137,binomial-6,binomial,3,6,delete-archive-leaf-nodes,1,0.024
138,binomial-6,binomial,3,6,create-middle-nodes,1,3.969
139,binomial-6,binomial,3,6,distribute-middle-nodes-0,1,2.654
140,binomial-6,binomial,3,6,distribute-middle-nodes-1,1,2.678
141,binomial-6,binomial,3,6,clean-middle-nodes,1,0.315
142,binomial-6,binomial,3,6,delete-archive-middle-nodes,1,0.024
143,binomial-6,binomial,3,6,create-archive,2,8.016
144,binomial-6,binomial,3,6,distribute-all-nodes,2,5.354
145,binomial-6,binomial,3,6,clean-all-nodes,2,11.444
146,binomial-6,binomial,3,6,delete-archive-all-nodes,2,0.03
147,binomial-6,binomial,3,6,create-leaf-nodes,2,7.831
148,binomial-6,binomial,3,6,distribute-leaf-nodes,2,5.36
149,binomial-6,binomial,3,6,clean-leaf-nodes,2,0.595
150,binomial-6,binomial,3,6,delete-archive-leaf-nodes,2,0.03
151,binomial-6,binomial,3,6,create-middle-nodes,2,7.736
152,binomial-6,binomial,3,6,distribute-middle-nodes-0,2,5.205
153,binomial-6,binomial,3,6,distribute-middle-nodes-1,2,5.182
154,binomial-6,binomial,3,6,clean-middle-nodes,2,8.388
155,binomial-6,binomial,3,6,delete-archive-middle-nodes,2,0.03
156,binomial-6,binomial,0,6,create-archive,1,3.97
157,binomial-6,binomial,0,6,distribute-all-nodes,1,3.014
158,binomial-6,binomial,0,6,clean-all-nodes,1,7.76
159,binomial-6,binomial,0,6,delete-archive-all-nodes,1,0.024
160,binomial-6,binomial,0,6,create-leaf-nodes,1,3.917
161,binomial-6,binomial,0,6,distribute-leaf-nodes,1,2.684
162,binomial-6,binomial,0,6,clean-leaf-nodes,1,0.309
163,binomial-6,binomial,0,6,delete-archive-leaf-nodes,1,0.024
164,binomial-6,binomial,0,6,create-middle-nodes,1,3.989
165,binomial-6,binomial,0,6,distribute-middle-nodes-0,1,3.031
166,binomial-6,binomial,0,6,distribute-middle-nodes-1,1,2.649
167,binomial-6,binomial,0,6,clean-middle-nodes,1,7.62
168,binomial-6,binomial,0,6,delete-archive-middle-nodes,1,0.024
169,binomial-6,binomial,0,6,create-archive,2,8.027
170,binomial-6,binomial,0,6,distribute-all-nodes,2,6.206
171,binomial-6,binomial,0,6,clean-all-nodes,2,0.799
172,binomial-6,binomial,0,6,delete-archive-all-nodes,2,0.029
173,binomial-6,binomial,0,6,create-leaf-nodes,2,7.964
174,binomial-6,binomial,0,6,distribute-leaf-nodes,2,5.226
175,binomial-6,binomial,0,6,clean-leaf-nodes,2,0.598
176,binomial-6,binomial,0,6,delete-archive-leaf-nodes,2,0.03
177,binomial-6,binomial,0,6,create-middle-nodes,2,7.962
178,binomial-6,binomial,0,6,distribute-middle-nodes-0,2,6.051
179,binomial-6,binomial,0,6,distribute-middle-nodes-1,2,5.311
180,binomial-6,binomial,0,6,clean-middle-nodes,2,0.601
181,binomial-6,binomial,0,6,delete-archive-middle-nodes,2,0.029
182,binomial-6,binomial,1,6,create-archive,1,4.022
183,binomial-6,binomial,1,6,distribute-all-nodes,1,3.261
184,binomial-6,binomial,1,6,clean-all-nodes,1,0.315
185,binomial-6,binomial,1,6,delete-archive-all-nodes,1,0.024
186,binomial-6,binomial,1,6,create-leaf-nodes,1,4.026
187,binomial-6,binomial,1,6,distribute-leaf-nodes,1,2.6
188,binomial-6,binomial,1,6,clean-leaf-nodes,1,0.307
189,binomial-6,binomial,1,6,delete-archive-leaf-nodes,1,0.024
190,binomial-6,binomial,1,6,create-middle-nodes,1,4.024
191,binomial-6,binomial,1,6,distribute-middle-nodes-0,1,2.679
192,binomial-6,binomial,1,6,distribute-middle-nodes-1,1,2.6
193,binomial-6,binomial,1,6,clean-middle-nodes,1,0.309
194,binomial-6,binomial,1,6,delete-archive-middle-nodes,1,0.024
195,binomial-6,binomial,1,6,create-archive,2,8.019
196,binomial-6,binomial,1,6,distribute-all-nodes,2,5.335
197,binomial-6,binomial,1,6,clean-all-nodes,2,0.592
198,binomial-6,binomial,1,6,delete-archive-all-nodes,2,0.029
199,binomial-6,binomial,1,6,create-leaf-nodes,2,7.965
200,binomial-6,binomial,1,6,distribute-leaf-nodes,2,5.108
201,binomial-6,binomial,1,6,clean-leaf-nodes,2,0.591
202,binomial-6,binomial,1,6,delete-archive-leaf-nodes,2,0.029
203,binomial-6,binomial,1,6,create-middle-nodes,2,8.019
204,binomial-6,binomial,1,6,distribute-middle-nodes-0,2,5.319
205,binomial-6,binomial,1,6,distribute-middle-nodes-1,2,5.174
206,binomial-6,binomial,1,6,clean-middle-nodes,2,0.639
207,binomial-6,binomial,1,6,delete-archive-middle-nodes,2,0.03
208,binomial-6,binomial,2,6,create-archive,1,3.983
209,binomial-6,binomial,2,6,distribute-all-nodes,1,3.42
210,binomial-6,binomial,2,6,clean-all-nodes,1,0.31
211,binomial-6,binomial,2,6,delete-archive-all-nodes,1,0.024
212,binomial-6,binomial,2,6,create-leaf-nodes,1,3.997
213,binomial-6,binomial,2,6,distribute-leaf-nodes,1,2.616
214,binomial-6,binomial,2,6,clean-leaf-nodes,1,0.312
215,binomial-6,binomial,2,6,delete-archive-leaf-nodes,1,0.024
216,binomial-6,binomial,2,6,create-middle-nodes,1,3.975
217,binomial-6,binomial,2,6,distribute-middle-nodes-0,1,2.681
218,binomial-6,binomial,2,6,distribute-middle-nodes-1,1,2.625
219,binomial-6,binomial,2,6,clean-middle-nodes,1,0.31
220,binomial-6,binomial,2,6,delete-archive-middle-nodes,1,0.024
221,binomial-6,binomial,2,6,create-archive,2,7.938
222,binomial-6,binomial,2,6,distribute-all-nodes,2,5.344
223,binomial-6,binomial,2,6,clean-all-nodes,2,0.597
224,binomial-6,binomial,2,6,delete-archive-all-nodes,2,0.029
225,binomial-6,binomial,2,6,create-leaf-nodes,2,8.004
226,binomial-6,binomial,2,6,distribute-leaf-nodes,2,5.294
227,binomial-6,binomial,2,6,clean-leaf-nodes,2,0.595
228,binomial-6,binomial,2,6,delete-archive-leaf-nodes,2,0.03
229,binomial-6,binomial,2,6,create-middle-nodes,2,7.802
230,binomial-6,binomial,2,6,distribute-middle-nodes-0,2,5.212
231,binomial-6,binomial,2,6,distribute-middle-nodes-1,2,5.358
232,binomial-6,binomial,2,6,clean-middle-nodes,2,1.002
233,binomial-6,binomial,2,6,delete-archive-middle-nodes,2,0.03
234,binomial-6,binomial,4,6,create-archive,1,4.004
235,binomial-6,binomial,4,6,distribute-all-nodes,1,3.378
236,binomial-6,binomial,4,6,clean-all-nodes,1,0.309
237,binomial-6,binomial,4,6,delete-archive-all-nodes,1,0.024
238,binomial-6,binomial,4,6,create-leaf-nodes,1,3.974
239,binomial-6,binomial,4,6,distribute-leaf-nodes,1,2.685
240,binomial-6,binomial,4,6,clean-leaf-nodes,1,0.309
241,binomial-6,binomial,4,6,delete-archive-leaf-nodes,1,0.024
242,binomial-6,binomial,4,6,create-middle-nodes,1,3.995
243,binomial-6,binomial,4,6,distribute-middle-nodes-0,1,2.682
244,binomial-6,binomial,4,6,distribute-middle-nodes-1,1,2.551
245,binomial-6,binomial,4,6,clean-middle-nodes,1,0.309
246,binomial-6,binomial,4,6,delete-archive-middle-nodes,1,0.023
247,binomial-6,binomial,4,6,create-archive,2,7.977
248,binomial-6,binomial,4,6,distribute-all-nodes,2,5.361
249,binomial-6,binomial,4,6,clean-all-nodes,2,0.597
250,binomial-6,binomial,4,6,delete-archive-all-nodes,2,0.03
251,binomial-6,binomial,4,6,create-leaf-nodes,2,7.951
252,binomial-6,binomial,4,6,distribute-leaf-nodes,2,5.274
253,binomial-6,binomial,4,6,clean-leaf-nodes,2,0.597
254,binomial-6,binomial,4,6,delete-archive-leaf-nodes,2,0.03
255,binomial-6,binomial,4,6,create-middle-nodes,2,7.998
256,binomial-6,binomial,4,6,distribute-middle-nodes-0,2,5.281
257,binomial-6,binomial,4,6,distribute-middle-nodes-1,2,5.223
258,binomial-6,binomial,4,6,clean-middle-nodes,2,10.921
259,binomial-6,binomial,4,6,delete-archive-middle-nodes,2,0.03
260,kary-2-6,kary-2,3,6,create-archive,1,4.06
261,kary-2-6,kary-2,3,6,distribute-all-nodes,1,3.448
262,kary-2-6,kary-2,3,6,clean-all-nodes,1,0.313
263,kary-2-6,kary-2,3,6,delete-archive-all-nodes,1,0.024
264,kary-2-6,kary-2,3,6,create-leaf-nodes,1,4.022
265,kary-2-6,kary-2,3,6,distribute-leaf-nodes,1,2.643
266,kary-2-6,kary-2,3,6,clean-leaf-nodes,1,0.31
267,kary-2-6,kary-2,3,6,delete-archive-leaf-nodes,1,0.023
268,kary-2-6,kary-2,3,6,create-middle-nodes,1,3.918
269,kary-2-6,kary-2,3,6,distribute-middle-nodes-0,1,2.669
270,kary-2-6,kary-2,3,6,distribute-middle-nodes-1,1,2.665
271,kary-2-6,kary-2,3,6,clean-middle-nodes,1,0.311
272,kary-2-6,kary-2,3,6,delete-archive-middle-nodes,1,0.023
273,kary-2-6,kary-2,3,6,create-archive,2,7.991
274,kary-2-6,kary-2,3,6,distribute-all-nodes,2,5.363
275,kary-2-6,kary-2,3,6,clean-all-nodes,2,0.598
276,kary-2-6,kary-2,3,6,delete-archive-all-nodes,2,0.029
277,kary-2-6,kary-2,3,6,create-leaf-nodes,2,7.919
278,kary-2-6,kary-2,3,6,distribute-leaf-nodes,2,5.305
279,kary-2-6,kary-2,3,6,clean-leaf-nodes,2,0.594
280,kary-2-6,kary-2,3,6,delete-archive-leaf-nodes,2,0.029
281,kary-2-6,kary-2,3,6,create-middle-nodes,2,7.865
282,kary-2-6,kary-2,3,6,distribute-middle-nodes-0,2,5.135
283,kary-2-6,kary-2,3,6,distribute-middle-nodes-1,2,5.238
284,kary-2-6,kary-2,3,6,clean-middle-nodes,2,9.622
285,kary-2-6,kary-2,3,6,delete-archive-middle-nodes,2,0.03
286,kary-2-6,kary-2,0,6,create-archive,1,4.031
287,kary-2-6,kary-2,0,6,distribute-all-nodes,1,3.277
288,kary-2-6,kary-2,0,6,clean-all-nodes,1,0.336
289,kary-2-6,kary-2,0,6,delete-archive-all-nodes,1,0.024
290,kary-2-6,kary-2,0,6,create-leaf-nodes,1,4.031
291,kary-2-6,kary-2,0,6,distribute-leaf-nodes,1,2.636
292,kary-2-6,kary-2,0,6,clean-leaf-nodes,1,0.314
293,kary-2-6,kary-2,0,6,delete-archive-leaf-nodes,1,0.023
294,kary-2-6,kary-2,0,6,create-middle-nodes,1,4.042
295,kary-2-6,kary-2,0,6,distribute-middle-nodes-0,1,2.638
296,kary-2-6,kary-2,0,6,distribute-middle-nodes-1,1,2.678
297,kary-2-6,kary-2,0,6,clean-middle-nodes,1,0.314
298,kary-2-6,kary-2,0,6,delete-archive-middle-nodes,1,0.023
299,kary-2-6,kary-2,0,6,create-archive,2,7.885
300,kary-2-6,kary-2,0,6,distribute-all-nodes,2,5.341
301,kary-2-6,kary-2,0,6,clean-all-nodes,2,0.598
302,kary-2-6,kary-2,0,6,delete-archive-all-nodes,2,0.03
303,kary-2-6,kary-2,0,6,create-leaf-nodes,2,7.821
304,kary-2-6,kary-2,0,6,distribute-leaf-nodes,2,5.355
305,kary-2-6,kary-2,0,6,clean-leaf-nodes,2,0.599
306,kary-2-6,kary-2,0,6,delete-archive-leaf-nodes,2,0.03
307,kary-2-6,kary-2,0,6,create-middle-nodes,2,7.937
308,kary-2-6,kary-2,0,6,distribute-middle-nodes-0,2,5.643
309,kary-2-6,kary-2,0,6,distribute-middle-nodes-1,2,5.328
310,kary-2-6,kary-2,0,6,clean-middle-nodes,2,0.703
311,kary-2-6,kary-2,0,6,delete-archive-middle-nodes,2,0.029
312,kary-2-6,kary-2,1,6,create-archive,1,4.007
313,kary-2-6,kary-2,1,6,distribute-all-nodes,1,3.793
314,kary-2-6,kary-2,1,6,clean-all-nodes,1,0.307
315,kary-2-6,kary-2,1,6,delete-archive-all-nodes,1,0.024
316,kary-2-6,kary-2,1,6,create-leaf-nodes,1,3.977
317,kary-2-6,kary-2,1,6,distribute-leaf-nodes,1,2.597
318,kary-2-6,kary-2,1,6,clean-leaf-nodes,1,0.311
319,kary-2-6,kary-2,1,6,delete-archive-leaf-nodes,1,0.024
320,kary-2-6,kary-2,1,6,create-middle-nodes,1,3.967
321,kary-2-6,kary-2,1,6,distribute-middle-nodes-0,1,2.64
322,kary-2-6,kary-2,1,6,distribute-middle-nodes-1,1,2.656
323,kary-2-6,kary-2,1,6,clean-middle-nodes,1,0.311
324,kary-2-6,kary-2,1,6,delete-archive-middle-nodes,1,0.023
325,kary-2-6,kary-2,1,6,create-archive,2,7.735
326,kary-2-6,kary-2,1,6,distribute-all-nodes,2,5.308
327,kary-2-6,kary-2,1,6,clean-all-nodes,2,0.595
328,kary-2-6,kary-2,1,6,delete-archive-all-nodes,2,0.03
329,kary-2-6,kary-2,1,6,create-leaf-nodes,2,7.985
330,kary-2-6,kary-2,1,6,distribute-leaf-nodes,2,5.243
331,kary-2-6,kary-2,1,6,clean-leaf-nodes,2,0.595
332,kary-2-6,kary-2,1,6,delete-archive-leaf-nodes,2,0.029
333,kary-2-6,kary-2,1,6,create-middle-nodes,2,7.988
334,kary-2-6,kary-2,1,6,distribute-middle-nodes-0,2,5.307
335,kary-2-6,kary-2,1,6,distribute-middle-nodes-1,2,5.368
336,kary-2-6,kary-2,1,6,clean-middle-nodes,2,0.622
337,kary-2-6,kary-2,1,6,delete-archive-middle-nodes,2,0.029
338,kary-2-6,kary-2,2,6,create-archive,1,3.981
339,kary-2-6,kary-2,2,6,distribute-all-nodes,1,3.579
340,kary-2-6,kary-2,2,6,clean-all-nodes,1,0.315
341,kary-2-6,kary-2,2,6,delete-archive-all-nodes,1,0.024
342,kary-2-6,kary-2,2,6,create-leaf-nodes,1,3.977
343,kary-2-6,kary-2,2,6,distribute-leaf-nodes,1,2.673
344,kary-2-6,kary-2,2,6,clean-leaf-nodes,1,0.309
345,kary-2-6,kary-2,2,6,delete-archive-leaf-nodes,1,0.024
346,kary-2-6,kary-2,2,6,create-middle-nodes,1,3.983
347,kary-2-6,kary-2,2,6,distribute-middle-nodes-0,1,2.617
348,kary-2-6,kary-2,2,6,distribute-middle-nodes-1,1,2.669
349,kary-2-6,kary-2,2,6,clean-middle-nodes,1,0.307
350,kary-2-6,kary-2,2,6,delete-archive-middle-nodes,1,0.024
351,kary-2-6,kary-2,2,6,create-archive,2,7.959
352,kary-2-6,kary-2,2,6,distribute-all-nodes,2,5.393
353,kary-2-6,kary-2,2,6,clean-all-nodes,2,0.598
354,kary-2-6,kary-2,2,6,delete-archive-all-nodes,2,0.03
355,kary-2-6,kary-2,2,6,create-leaf-nodes,2,8.005
356,kary-2-6,kary-2,2,6,distribute-leaf-nodes,2,5.338
357,kary-2-6,kary-2,2,6,clean-leaf-nodes,2,0.596
358,kary-2-6,kary-2,2,6,delete-archive-leaf-nodes,2,0.03
359,kary-2-6,kary-2,2,6,create-middle-nodes,2,7.929
360,kary-2-6,kary-2,2,6,distribute-middle-nodes-0,2,5.204
361,kary-2-6,kary-2,2,6,distribute-middle-nodes-1,2,5.345
362,kary-2-6,kary-2,2,6,clean-middle-nodes,2,9.529
363,kary-2-6,kary-2,2,6,delete-archive-middle-nodes,2,0.03
364,kary-2-6,kary-2,4,6,create-archive,1,3.975
365,kary-2-6,kary-2,4,6,distribute-all-nodes,1,3.301
366,kary-2-6,kary-2,4,6,clean-all-nodes,1,0.311
367,kary-2-6,kary-2,4,6,delete-archive-all-nodes,1,0.024
368,kary-2-6,kary-2,4,6,create-leaf-nodes,1,3.933
369,kary-2-6,kary-2,4,6,distribute-leaf-nodes,1,2.654
370,kary-2-6,kary-2,4,6,clean-leaf-nodes,1,0.309
371,kary-2-6,kary-2,4,6,delete-archive-leaf-nodes,1,0.023
372,kary-2-6,kary-2,4,6,create-middle-nodes,1,3.961
373,kary-2-6,kary-2,4,6,distribute-middle-nodes-0,1,2.715
374,kary-2-6,kary-2,4,6,distribute-middle-nodes-1,1,2.631
375,kary-2-6,kary-2,4,6,clean-middle-nodes,1,0.309
376,kary-2-6,kary-2,4,6,delete-archive-middle-nodes,1,0.023
377,kary-2-6,kary-2,4,6,create-archive,2,8.015
378,kary-2-6,kary-2,4,6,distribute-all-nodes,2,5.34
379,kary-2-6,kary-2,4,6,clean-all-nodes,2,0.596
380,kary-2-6,kary-2,4,6,delete-archive-all-nodes,2,0.029
381,kary-2-6,kary-2,4,6,create-leaf-nodes,2,8.017
382,kary-2-6,kary-2,4,6,distribute-leaf-nodes,2,5.329
383,kary-2-6,kary-2,4,6,clean-leaf-nodes,2,0.598
384,kary-2-6,kary-2,4,6,delete-archive-leaf-nodes,2,0.03
385,kary-2-6,kary-2,4,6,create-middle-nodes,2,7.775
386,kary-2-6,kary-2,4,6,distribute-middle-nodes-0,2,5.24
387,kary-2-6,kary-2,4,6,distribute-middle-nodes-1,2,5.34
388,kary-2-6,kary-2,4,6,clean-middle-nodes,2,10.031
389,kary-2-6,kary-2,4,6,delete-archive-middle-nodes,2,0.03
390,kary-3-6,kary-3,3,6,create-archive,1,4.016
391,kary-3-6,kary-3,3,6,distribute-all-nodes,1,3.473
392,kary-3-6,kary-3,3,6,clean-all-nodes,1,0.309
393,kary-3-6,kary-3,3,6,delete-archive-all-nodes,1,0.024
394,kary-3-6,kary-3,3,6,create-leaf-nodes,1,3.885
395,kary-3-6,kary-3,3,6,distribute-leaf-nodes,1,2.611
396,kary-3-6,kary-3,3,6,clean-leaf-nodes,1,0.309
397,kary-3-6,kary-3,3,6,delete-archive-leaf-nodes,1,0.024
398,kary-3-6,kary-3,3,6,create-middle-nodes,1,4.005
399,kary-3-6,kary-3,3,6,distribute-middle-nodes-0,1,2.667
400,kary-3-6,kary-3,3,6,distribute-middle-nodes-1,1,2.694
401,kary-3-6,kary-3,3,6,clean-middle-nodes,1,0.31
402,kary-3-6,kary-3,3,6,delete-archive-middle-nodes,1,0.024
403,kary-3-6,kary-3,3,6,create-archive,2,7.725
404,kary-3-6,kary-3,3,6,distribute-all-nodes,2,5.363
405,kary-3-6,kary-3,3,6,clean-all-nodes,2,0.602
406,kary-3-6,kary-3,3,6,delete-archive-all-nodes,2,0.029
407,kary-3-6,kary-3,3,6,create-leaf-nodes,2,7.734
408,kary-3-6,kary-3,3,6,distribute-leaf-nodes,2,5.166
409,kary-3-6,kary-3,3,6,clean-leaf-nodes,2,0.598
410,kary-3-6,kary-3,3,6,delete-archive-leaf-nodes,2,0.03
411,kary-3-6,kary-3,3,6,create-middle-nodes,2,7.894
412,kary-3-6,kary-3,3,6,distribute-middle-nodes-0,2,5.312
413,kary-3-6,kary-3,3,6,distribute-middle-nodes-1,2,5.121
414,kary-3-6,kary-3,3,6,clean-middle-nodes,2,0.602
415,kary-3-6,kary-3,3,6,delete-archive-middle-nodes,2,0.03
416,kary-3-6,kary-3,0,6,create-archive,1,3.937
417,kary-3-6,kary-3,0,6,distribute-all-nodes,1,3.377
418,kary-3-6,kary-3,0,6,clean-all-nodes,1,0.344
419,kary-3-6,kary-3,0,6,delete-archive-all-nodes,1,0.024
420,kary-3-6,kary-3,0,6,create-leaf-nodes,1,4.018
421,kary-3-6,kary-3,0,6,distribute-leaf-nodes,1,2.662
422,kary-3-6,kary-3,0,6,clean-leaf-nodes,1,0.308
423,kary-3-6,kary-3,0,6,delete-archive-leaf-nodes,1,0.024
424,kary-3-6,kary-3,0,6,create-middle-nodes,1,4.033
425,kary-3-6,kary-3,0,6,distribute-middle-nodes-0,1,2.686
426,kary-3-6,kary-3,0,6,distribute-middle-nodes-1,1,2.602
427,kary-3-6,kary-3,0,6,clean-middle-nodes,1,0.309
428,kary-3-6,kary-3,0,6,delete-archive-middle-nodes,1,0.023
429,kary-3-6,kary-3,0,6,create-archive,2,7.928
430,kary-3-6,kary-3,0,6,distribute-all-nodes,2,5.24
431,kary-3-6,kary-3,0,6,clean-all-nodes,2,0.597
432,kary-3-6,kary-3,0,6,delete-archive-all-nodes,2,0.03
433,kary-3-6,kary-3,0,6,create-leaf-nodes,2,7.921
434,kary-3-6,kary-3,0,6,distribute-leaf-nodes,2,5.237
435,kary-3-6,kary-3,0,6,clean-leaf-nodes,2,0.595
436,kary-3-6,kary-3,0,6,delete-archive-leaf-nodes,2,0.03
437,kary-3-6,kary-3,0,6,create-middle-nodes,2,7.941
438,kary-3-6,kary-3,0,6,distribute-middle-nodes-0,2,5.196
439,kary-3-6,kary-3,0,6,distribute-middle-nodes-1,2,5.292
440,kary-3-6,kary-3,0,6,clean-middle-nodes,2,0.597
441,kary-3-6,kary-3,0,6,delete-archive-middle-nodes,2,0.03
442,kary-3-6,kary-3,1,6,create-archive,1,4.053
443,kary-3-6,kary-3,1,6,distribute-all-nodes,1,3.331
444,kary-3-6,kary-3,1,6,clean-all-nodes,1,0.326
445,kary-3-6,kary-3,1,6,delete-archive-all-nodes,1,0.024
446,kary-3-6,kary-3,1,6,create-leaf-nodes,1,3.932
447,kary-3-6,kary-3,1,6,distribute-leaf-nodes,1,2.633
448,kary-3-6,kary-3,1,6,clean-leaf-nodes,1,0.312
449,kary-3-6,kary-3,1,6,delete-archive-leaf-nodes,1,0.024
450,kary-3-6,kary-3,1,6,create-middle-nodes,1,3.977
451,kary-3-6,kary-3,1,6,distribute-middle-nodes-0,1,2.66
452,kary-3-6,kary-3,1,6,distribute-middle-nodes-1,1,2.672
453,kary-3-6,kary-3,1,6,clean-middle-nodes,1,0.313
454,kary-3-6,kary-3,1,6,delete-archive-middle-nodes,1,0.024
455,kary-3-6,kary-3,1,6,create-archive,2,7.718
456,kary-3-6,kary-3,1,6,distribute-all-nodes,2,5.31
457,kary-3-6,kary-3,1,6,clean-all-nodes,2,0.599
458,kary-3-6,kary-3,1,6,delete-archive-all-nodes,2,0.03
459,kary-3-6,kary-3,1,6,create-leaf-nodes,2,7.724
460,kary-3-6,kary-3,1,6,distribute-leaf-nodes,2,5.267
461,kary-3-6,kary-3,1,6,clean-leaf-nodes,2,0.602
462,kary-3-6,kary-3,1,6,delete-archive-leaf-nodes,2,0.029
463,kary-3-6,kary-3,1,6,create-middle-nodes,2,7.905
464,kary-3-6,kary-3,1,6,distribute-middle-nodes-0,2,5.345
465,kary-3-6,kary-3,1,6,distribute-middle-nodes-1,2,5.26
466,kary-3-6,kary-3,1,6,clean-middle-nodes,2,0.659
467,kary-3-6,kary-3,1,6,delete-archive-middle-nodes,2,0.029
468,kary-3-6,kary-3,2,6,create-archive,1,4.036
469,kary-3-6,kary-3,2,6,distribute-all-nodes,1,3.263
470,kary-3-6,kary-3,2,6,clean-all-nodes,1,0.307
471,kary-3-6,kary-3,2,6,delete-archive-all-nodes,1,0.024
472,kary-3-6,kary-3,2,6,create-leaf-nodes,1,4.018
473,kary-3-6,kary-3,2,6,distribute-leaf-nodes,1,2.65
474,kary-3-6,kary-3,2,6,clean-leaf-nodes,1,0.308
475,kary-3-6,kary-3,2,6,delete-archive-leaf-nodes,1,0.024
476,kary-3-6,kary-3,2,6,create-middle-nodes,1,4.004
477,kary-3-6,kary-3,2,6,distribute-middle-nodes-0,1,2.692
478,kary-3-6,kary-3,2,6,distribute-middle-nodes-1,1,2.726
479,kary-3-6,kary-3,2,6,clean-middle-nodes,1,0.313
480,kary-3-6,kary-3,2,6,delete-archive-middle-nodes,1,0.024
481,kary-3-6,kary-3,2,6,create-archive,2,7.815
482,kary-3-6,kary-3,2,6,distribute-all-nodes,2,5.342
483,kary-3-6,kary-3,2,6,clean-all-nodes,2,0.6
484,kary-3-6,kary-3,2,6,delete-archive-all-nodes,2,0.03
485,kary-3-6,kary-3,2,6,create-leaf-nodes,2,7.993
486,kary-3-6,kary-3,2,6,distribute-leaf-nodes,2,5.319
487,kary-3-6,kary-3,2,6,clean-leaf-nodes,2,0.591
488,kary-3-6,kary-3,2,6,delete-archive-leaf-nodes,2,0.029
489,kary-3-6,kary-3,2,6,create-middle-nodes,2,7.993
490,kary-3-6,kary-3,2,6,distribute-middle-nodes-0,2,5.336
491,kary-3-6,kary-3,2,6,distribute-middle-nodes-1,2,5.209
492,kary-3-6,kary-3,2,6,clean-middle-nodes,2,9.946
493,kary-3-6,kary-3,2,6,delete-archive-middle-nodes,2,0.03
494,kary-3-6,kary-3,4,6,create-archive,1,4.028
495,kary-3-6,kary-3,4,6,distribute-all-nodes,1,3.481
496,kary-3-6,kary-3,4,6,clean-all-nodes,1,0.311
497,kary-3-6,kary-3,4,6,delete-archive-all-nodes,1,0.024
498,kary-3-6,kary-3,4,6,create-leaf-nodes,1,3.911
499,kary-3-6,kary-3,4,6,distribute-leaf-nodes,1,2.693
500,kary-3-6,kary-3,4,6,clean-leaf-nodes,1,0.309
501,kary-3-6,kary-3,4,6,delete-archive-leaf-nodes,1,0.024
502,kary-3-6,kary-3,4,6,create-middle-nodes,1,3.996
503,kary-3-6,kary-3,4,6,distribute-middle-nodes-0,1,2.705
504,kary-3-6,kary-3,4,6,distribute-middle-nodes-1,1,2.624
505,kary-3-6,kary-3,4,6,clean-middle-nodes,1,0.31
506,kary-3-6,kary-3,4,6,delete-archive-middle-nodes,1,0.024
507,kary-3-6,kary-3,4,6,create-archive,2,7.88
508,kary-3-6,kary-3,4,6,distribute-all-nodes,2,5.384
509,kary-3-6,kary-3,4,6,clean-all-nodes,2,0.595
510,kary-3-6,kary-3,4,6,delete-archive-all-nodes,2,0.029
511,kary-3-6,kary-3,4,6,create-leaf-nodes,2,7.827
512,kary-3-6,kary-3,4,6,distribute-leaf-nodes,2,5.388
513,kary-3-6,kary-3,4,6,clean-leaf-nodes,2,0.595
514,kary-3-6,kary-3,4,6,delete-archive-leaf-nodes,2,0.029
515,kary-3-6,kary-3,4,6,create-middle-nodes,2,7.953
516,kary-3-6,kary-3,4,6,distribute-middle-nodes-0,2,5.359
517,kary-3-6,kary-3,4,6,distribute-middle-nodes-1,2,5.13
518,kary-3-6,kary-3,4,6,clean-middle-nodes,2,6.045
519,kary-3-6,kary-3,4,6,delete-archive-middle-nodes,2,0.029
520,kary-1-4,kary-1,3,4,create-archive,1,4.03
521,kary-1-4,kary-1,3,4,distribute-all-nodes,1,3.415
522,kary-1-4,kary-1,3,4,clean-all-nodes,1,0.308
523,kary-1-4,kary-1,3,4,delete-archive-all-nodes,1,0.025
524,kary-1-4,kary-1,3,4,create-leaf-nodes,1,4.029
525,kary-1-4,kary-1,3,4,distribute-leaf-nodes,1,2.609
526,kary-1-4,kary-1,3,4,clean-leaf-nodes,1,0.307
527,kary-1-4,kary-1,3,4,delete-archive-leaf-nodes,1,0.025
528,kary-1-4,kary-1,3,4,create-middle-nodes,1,4.056
529,kary-1-4,kary-1,3,4,distribute-middle-nodes-0,1,2.713
530,kary-1-4,kary-1,3,4,distribute-middle-nodes-1,1,2.601
531,kary-1-4,kary-1,3,4,clean-middle-nodes,1,0.309
532,kary-1-4,kary-1,3,4,delete-archive-middle-nodes,1,0.025
533,kary-1-4,kary-1,3,4,create-archive,2,8.081
534,kary-1-4,kary-1,3,4,distribute-all-nodes,2,5.191
535,kary-1-4,kary-1,3,4,clean-all-nodes,2,0.639
536,kary-1-4,kary-1,3,4,delete-archive-all-nodes,2,0.03
537,kary-1-4,kary-1,3,4,create-leaf-nodes,2,7.944
538,kary-1-4,kary-1,3,4,distribute-leaf-nodes,2,5.114
539,kary-1-4,kary-1,3,4,clean-leaf-nodes,2,0.596
540,kary-1-4,kary-1,3,4,delete-archive-leaf-nodes,2,0.03
541,kary-1-4,kary-1,3,4,create-middle-nodes,2,7.907
542,kary-1-4,kary-1,3,4,distribute-middle-nodes-0,2,5.198
543,kary-1-4,kary-1,3,4,distribute-middle-nodes-1,2,5.307
544,kary-1-4,kary-1,3,4,clean-middle-nodes,2,8.486
545,kary-1-4,kary-1,3,4,delete-archive-middle-nodes,2,0.03
546,kary-1-4,kary-1,0,4,create-archive,1,3.961
547,kary-1-4,kary-1,0,4,distribute-all-nodes,1,3.255
548,kary-1-4,kary-1,0,4,clean-all-nodes,1,0.31
549,kary-1-4,kary-1,0,4,delete-archive-all-nodes,1,0.026
550,kary-1-4,kary-1,0,4,create-leaf-nodes,1,3.99
551,kary-1-4,kary-1,0,4,distribute-leaf-nodes,1,2.551
552,kary-1-4,kary-1,0,4,clean-leaf-nodes,1,0.308
553,kary-1-4,kary-1,0,4,delete-archive-leaf-nodes,1,0.025
554,kary-1-4,kary-1,0,4,create-middle-nodes,1,3.974
555,kary-1-4,kary-1,0,4,distribute-middle-nodes-0,1,2.529
556,kary-1-4,kary-1,0,4,distribute-middle-nodes-1,1,2.557
557,kary-1-4,kary-1,0,4,clean-middle-nodes,1,0.307
558,kary-1-4,kary-1,0,4,delete-archive-middle-nodes,1,0.025
559,kary-1-4,kary-1,0,4,create-archive,2,7.957
560,kary-1-4,kary-1,0,4,distribute-all-nodes,2,5.275
561,kary-1-4,kary-1,0,4,clean-all-nodes,2,0.594
562,kary-1-4,kary-1,0,4,delete-archive-all-nodes,2,0.029
563,kary-1-4,kary-1,0,4,create-leaf-nodes,2,7.914
564,kary-1-4,kary-1,0,4,distribute-leaf-nodes,2,5.29
565,kary-1-4,kary-1,0,4,clean-leaf-nodes,2,0.598
566,kary-1-4,kary-1,0,4,delete-archive-leaf-nodes,2,0.029
567,kary-1-4,kary-1,0,4,create-middle-nodes,2,8.022
568,kary-1-4,kary-1,0,4,distribute-middle-nodes-0,2,5.286
569,kary-1-4,kary-1,0,4,distribute-middle-nodes-1,2,5.148
570,kary-1-4,kary-1,0,4,clean-middle-nodes,2,7.612
571,kary-1-4,kary-1,0,4,delete-archive-middle-nodes,2,0.03
572,kary-1-4,kary-1,1,4,create-archive,1,4.011
573,kary-1-4,kary-1,1,4,distribute-all-nodes,1,3.267
574,kary-1-4,kary-1,1,4,clean-all-nodes,1,0.311
575,kary-1-4,kary-1,1,4,delete-archive-all-nodes,1,0.025
576,kary-1-4,kary-1,1,4,create-leaf-nodes,1,4.012
577,kary-1-4,kary-1,1,4,distribute-leaf-nodes,1,2.644
578,kary-1-4,kary-1,1,4,clean-leaf-nodes,1,0.31
579,kary-1-4,kary-1,1,4,delete-archive-leaf-nodes,1,0.025
580,kary-1-4,kary-1,1,4,create-middle-nodes,1,4.025
581,kary-1-4,kary-1,1,4,distribute-middle-nodes-0,1,2.553
582,kary-1-4,kary-1,1,4,distribute-middle-nodes-1,1,2.688
583,kary-1-4,kary-1,1,4,clean-middle-nodes,1,0.311
584,kary-1-4,kary-1,1,4,delete-archive-middle-nodes,1,0.024
585,kary-1-4,kary-1,1,4,create-archive,2,8.071
586,kary-1-4,kary-1,1,4,distribute-all-nodes,2,5.302
587,kary-1-4,kary-1,1,4,clean-all-nodes,2,0.596
588,kary-1-4,kary-1,1,4,delete-archive-all-nodes,2,0.029
589,kary-1-4,kary-1,1,4,create-leaf-nodes,2,7.917
590,kary-1-4,kary-1,1,4,distribute-leaf-nodes,2,5.325
591,kary-1-4,kary-1,1,4,clean-leaf-nodes,2,0.593
592,kary-1-4,kary-1,1,4,delete-archive-leaf-nodes,2,0.029
593,kary-1-4,kary-1,1,4,create-middle-nodes,2,8.032
594,kary-1-4,kary-1,1,4,distribute-middle-nodes-0,2,5.291
595,kary-1-4,kary-1,1,4,distribute-middle-nodes-1,2,5.357
596,kary-1-4,kary-1,1,4,clean-middle-nodes,2,0.949
597,kary-1-4,kary-1,1,4,delete-archive-middle-nodes,2,0.029
598,kary-1-4,kary-1,2,4,create-archive,1,3.949
599,kary-1-4,kary-1,2,4,distribute-all-nodes,1,3.215
600,kary-1-4,kary-1,2,4,clean-all-nodes,1,0.307
601,kary-1-4,kary-1,2,4,delete-archive-all-nodes,1,0.026
602,kary-1-4,kary-1,2,4,create-leaf-nodes,1,3.961
603,kary-1-4,kary-1,2,4,distribute-leaf-nodes,1,2.518
604,kary-1-4,kary-1,2,4,clean-leaf-nodes,1,0.312
605,kary-1-4,kary-1,2,4,delete-archive-leaf-nodes,1,0.025
606,kary-1-4,kary-1,2,4,create-middle-nodes,1,3.886
607,kary-1-4,kary-1,2,4,distribute-middle-nodes-0,1,2.682
608,kary-1-4,kary-1,2,4,distribute-middle-nodes-1,1,2.603
609,kary-1-4,kary-1,2,4,clean-middle-nodes,1,0.315
610,kary-1-4,kary-1,2,4,delete-archive-middle-nodes,1,0.026
611,kary-1-4,kary-1,2,4,create-archive,2,7.784
612,kary-1-4,kary-1,2,4,distribute-all-nodes,2,5.308
613,kary-1-4,kary-1,2,4,clean-all-nodes,2,0.598
614,kary-1-4,kary-1,2,4,delete-archive-all-nodes,2,0.028
615,kary-1-4,kary-1,2,4,create-leaf-nodes,2,7.818
616,kary-1-4,kary-1,2,4,distribute-leaf-nodes,2,5.274
617,kary-1-4,kary-1,2,4,clean-leaf-nodes,2,0.594
618,kary-1-4,kary-1,2,4,delete-archive-leaf-nodes,2,0.03
619,kary-1-4,kary-1,2,4,create-middle-nodes,2,7.998
620,kary-1-4,kary-1,2,4,distribute-middle-nodes-0,2,5.199
621,kary-1-4,kary-1,2,4,distribute-middle-nodes-1,2,5.234
622,kary-1-4,kary-1,2,4,clean-middle-nodes,2,0.599
623,kary-1-4,kary-1,2,4,delete-archive-middle-nodes,2,0.029
624,kary-1-4,kary-1,4,4,create-archive,1,4.023
625,kary-1-4,kary-1,4,4,distribute-all-nodes,1,3.514
626,kary-1-4,kary-1,4,4,clean-all-nodes,1,0.337
627,kary-1-4,kary-1,4,4,delete-archive-all-nodes,1,0.026
628,kary-1-4,kary-1,4,4,create-leaf-nodes,1,4.01
629,kary-1-4,kary-1,4,4,distribute-leaf-nodes,1,2.676
630,kary-1-4,kary-1,4,4,clean-leaf-nodes,1,0.31
631,kary-1-4,kary-1,4,4,delete-archive-leaf-nodes,1,0.025
632,kary-1-4,kary-1,4,4,create-middle-nodes,1,3.955
633,kary-1-4,kary-1,4,4,distribute-middle-nodes-0,1,2.647
634,kary-1-4,kary-1,4,4,distribute-middle-nodes-1,1,2.671
635,kary-1-4,kary-1,4,4,clean-middle-nodes,1,0.309
636,kary-1-4,kary-1,4,4,delete-archive-middle-nodes,1,0.024
637,kary-1-4,kary-1,4,4,create-archive,2,8.017
638,kary-1-4,kary-1,4,4,distribute-all-nodes,2,5.301
639,kary-1-4,kary-1,4,4,clean-all-nodes,2,0.596
640,kary-1-4,kary-1,4,4,delete-archive-all-nodes,2,0.029
641,kary-1-4,kary-1,4,4,create-leaf-nodes,2,8.003
642,kary-1-4,kary-1,4,4,distribute-leaf-nodes,2,5.134
643,kary-1-4,kary-1,4,4,clean-leaf-nodes,2,0.597
644,kary-1-4,kary-1,4,4,delete-archive-leaf-nodes,2,0.029
645,kary-1-4,kary-1,4,4,create-middle-nodes,2,7.901
646,kary-1-4,kary-1,4,4,distribute-middle-nodes-0,2,5.278
647,kary-1-4,kary-1,4,4,distribute-middle-nodes-1,2,5.152
648,kary-1-4,kary-1,4,4,clean-middle-nodes,2,0.842
649,kary-1-4,kary-1,4,4,delete-archive-middle-nodes,2,0.03
650,binomial-4,binomial,3,4,create-archive,1,4.04
651,binomial-4,binomial,3,4,distribute-all-nodes,1,3.195
652,binomial-4,binomial,3,4,clean-all-nodes,1,0.305
653,binomial-4,binomial,3,4,delete-archive-all-nodes,1,0.023
654,binomial-4,binomial,3,4,create-leaf-nodes,1,4.02
655,binomial-4,binomial,3,4,distribute-leaf-nodes,1,2.517
656,binomial-4,binomial,3,4,clean-leaf-nodes,1,0.306
657,binomial-4,binomial,3,4,delete-archive-leaf-nodes,1,0.023
658,binomial-4,binomial,3,4,create-middle-nodes,1,4.033
659,binomial-4,binomial,3,4,distribute-middle-nodes-0,1,2.664
660,binomial-4,binomial,3,4,distribute-middle-nodes-1,1,2.588
661,binomial-4,binomial,3,4,clean-middle-nodes,1,0.307
662,binomial-4,binomial,3,4,delete-archive-middle-nodes,1,0.023
663,binomial-4,binomial,3,4,create-archive,2,8.014
664,binomial-4,binomial,3,4,distribute-all-nodes,2,5.361
665,binomial-4,binomial,3,4,clean-all-nodes,2,0.592
666,binomial-4,binomial,3,4,delete-archive-all-nodes,2,0.029
667,binomial-4,binomial,3,4,create-leaf-nodes,2,7.95
668,binomial-4,binomial,3,4,distribute-leaf-nodes,2,5.198
669,binomial-4,binomial,3,4,clean-leaf-nodes,2,0.592
670,binomial-4,binomial,3,4,delete-archive-leaf-nodes,2,0.029
671,binomial-4,binomial,3,4,create-middle-nodes,2,8.042
672,binomial-4,binomial,3,4,distribute-middle-nodes-0,2,5.368
673,binomial-4,binomial,3,4,distribute-middle-nodes-1,2,5.322
674,binomial-4,binomial,3,4,clean-middle-nodes,2,0.718
675,binomial-4,binomial,3,4,delete-archive-middle-nodes,2,0.03
676,binomial-4,binomial,0,4,create-archive,1,3.954
677,binomial-4,binomial,0,4,distribute-all-nodes,1,3.162
678,binomial-4,binomial,0,4,clean-all-nodes,1,8.236
679,binomial-4,binomial,0,4,delete-archive-all-nodes,1,0.023
680,binomial-4,binomial,0,4,create-leaf-nodes,1,4.016
681,binomial-4,binomial,0,4,distribute-leaf-nodes,1,2.862
682,binomial-4,binomial,0,4,clean-leaf-nodes,1,8.181
683,binomial-4,binomial,0,4,delete-archive-leaf-nodes,1,0.024
684,binomial-4,binomial,0,4,create-middle-nodes,1,4.02
685,binomial-4,binomial,0,4,distribute-middle-nodes-0,1,3.336
686,binomial-4,binomial,0,4,distribute-middle-nodes-1,1,2.961
687,binomial-4,binomial,0,4,clean-middle-nodes,1,7.857
688,binomial-4,binomial,0,4,delete-archive-middle-nodes,1,0.024
689,binomial-4,binomial,0,4,create-archive,2,8.027
690,binomial-4,binomial,0,4,distribute-all-nodes,2,6.649
691,binomial-4,binomial,0,4,clean-all-nodes,2,1.016
692,binomial-4,binomial,0,4,delete-archive-all-nodes,2,0.029
693,binomial-4,binomial,0,4,create-leaf-nodes,2,8.024
694,binomial-4,binomial,0,4,distribute-leaf-nodes,2,5.801
695,binomial-4,binomial,0,4,clean-leaf-nodes,2,0.629
696,binomial-4,binomial,0,4,delete-archive-leaf-nodes,2,0.029
697,binomial-4,binomial,0,4,create-middle-nodes,2,7.932
698,binomial-4,binomial,0,4,distribute-middle-nodes-0,2,6.609
699,binomial-4,binomial,0,4,distribute-middle-nodes-1,2,6.139
700,binomial-4,binomial,0,4,clean-middle-nodes,2,17.029
701,binomial-4,binomial,0,4,delete-archive-middle-nodes,2,0.03
702,binomial-4,binomial,1,4,create-archive,1,3.85
703,binomial-4,binomial,1,4,distribute-all-nodes,1,3.33
704,binomial-4,binomial,1,4,clean-all-nodes,1,0.302
705,binomial-4,binomial,1,4,delete-archive-all-nodes,1,0.024
706,binomial-4,binomial,1,4,create-leaf-nodes,1,3.876
707,binomial-4,binomial,1,4,distribute-leaf-nodes,1,2.607
708,binomial-4,binomial,1,4,clean-leaf-nodes,1,0.304
709,binomial-4,binomial,1,4,delete-archive-leaf-nodes,1,0.024
710,binomial-4,binomial,1,4,create-middle-nodes,1,3.988
711,binomial-4,binomial,1,4,distribute-middle-nodes-0,1,2.673
712,binomial-4,binomial,1,4,distribute-middle-nodes-1,1,2.709
713,binomial-4,binomial,1,4,clean-middle-nodes,1,0.306
714,binomial-4,binomial,1,4,delete-archive-middle-nodes,1,0.025
715,binomial-4,binomial,1,4,create-archive,2,7.991
716,binomial-4,binomial,1,4,distribute-all-nodes,2,5.312
717,binomial-4,binomial,1,4,clean-all-nodes,2,0.593
718,binomial-4,binomial,1,4,delete-archive-all-nodes,2,0.029
719,binomial-4,binomial,1,4,create-leaf-nodes,2,8.006
720,binomial-4,binomial,1,4,distribute-leaf-nodes,2,5.204
721,binomial-4,binomial,1,4,clean-leaf-nodes,2,0.592
722,binomial-4,binomial,1,4,delete-archive-leaf-nodes,2,0.029
723,binomial-4,binomial,1,4,create-middle-nodes,2,8.009
724,binomial-4,binomial,1,4,distribute-middle-nodes-0,2,5.208
725,binomial-4,binomial,1,4,distribute-middle-nodes-1,2,5.246
726,binomial-4,binomial,1,4,clean-middle-nodes,2,0.902
727,binomial-4,binomial,1,4,delete-archive-middle-nodes,2,0.029
728,binomial-4,binomial,2,4,create-archive,1,4.015
729,binomial-4,binomial,2,4,distribute-all-nodes,1,3.428
730,binomial-4,binomial,2,4,clean-all-nodes,1,0.304
731,binomial-4,binomial,2,4,delete-archive-all-nodes,1,0.024
732,binomial-4,binomial,2,4,create-leaf-nodes,1,3.976
733,binomial-4,binomial,2,4,distribute-leaf-nodes,1,2.587
734,binomial-4,binomial,2,4,clean-leaf-nodes,1,0.304
735,binomial-4,binomial,2,4,delete-archive-leaf-nodes,1,0.023
736,binomial-4,binomial,2,4,create-middle-nodes,1,4.017
737,binomial-4,binomial,2,4,distribute-middle-nodes-0,1,2.598
738,binomial-4,binomial,2,4,distribute-middle-nodes-1,1,2.54
739,binomial-4,binomial,2,4,clean-middle-nodes,1,0.308
740,binomial-4,binomial,2,4,delete-archive-middle-nodes,1,0.024
741,binomial-4,binomial,2,4,create-archive,2,8.034
742,binomial-4,binomial,2,4,distribute-all-nodes,2,5.27
743,binomial-4,binomial,2,4,clean-all-nodes,2,0.592
744,binomial-4,binomial,2,4,delete-archive-all-nodes,2,0.03
745,binomial-4,binomial,2,4,create-leaf-nodes,2,7.84
746,binomial-4,binomial,2,4,distribute-leaf-nodes,2,5.291
747,binomial-4,binomial,2,4,clean-leaf-nodes,2,0.588
748,binomial-4,binomial,2,4,delete-archive-leaf-nodes,2,0.03
749,binomial-4,binomial,2,4,create-middle-nodes,2,7.98
750,binomial-4,binomial,2,4,distribute-middle-nodes-0,2,5.274
751,binomial-4,binomial,2,4,distribute-middle-nodes-1,2,5.197
752,binomial-4,binomial,2,4,clean-middle-nodes,2,0.659
753,binomial-4,binomial,2,4,delete-archive-middle-nodes,2,0.029
754,binomial-4,binomial,4,4,create-archive,1,3.974
755,binomial-4,binomial,4,4,distribute-all-nodes,1,3.221
756,binomial-4,binomial,4,4,clean-all-nodes,1,0.307
757,binomial-4,binomial,4,4,delete-archive-all-nodes,1,0.024
758,binomial-4,binomial,4,4,create-leaf-nodes,1,3.961
759,binomial-4,binomial,4,4,distribute-leaf-nodes,1,2.506
760,binomial-4,binomial,4,4,clean-leaf-nodes,1,0.303
761,binomial-4,binomial,4,4,delete-archive-leaf-nodes,1,0.023
762,binomial-4,binomial,4,4,create-middle-nodes,1,3.945
763,binomial-4,binomial,4,4,distribute-middle-nodes-0,1,2.667
764,binomial-4,binomial,4,4,distribute-middle-nodes-1,1,2.653
765,binomial-4,binomial,4,4,clean-middle-nodes,1,0.306
766,binomial-4,binomial,4,4,delete-archive-middle-nodes,1,0.024
767,binomial-4,binomial,4,4,create-archive,2,7.916
768,binomial-4,binomial,4,4,distribute-all-nodes,2,5.355
769,binomial-4,binomial,4,4,clean-all-nodes,2,0.593
770,binomial-4,binomial,4,4,delete-archive-all-nodes,2,0.029
771,binomial-4,binomial,4,4,create-leaf-nodes,2,7.764
772,binomial-4,binomial,4,4,distribute-leaf-nodes,2,5.331
773,binomial-4,binomial,4,4,clean-leaf-nodes,2,0.593
774,binomial-4,binomial,4,4,delete-archive-leaf-nodes,2,0.029
775,binomial-4,binomial,4,4,create-middle-nodes,2,7.762
776,binomial-4,binomial,4,4,distribute-middle-nodes-0,2,5.314
777,binomial-4,binomial,4,4,distribute-middle-nodes-1,2,5.229
778,binomial-4,binomial,4,4,clean-middle-nodes,2,0.856
779,binomial-4,binomial,4,4,delete-archive-middle-nodes,2,0.029
780,kary-2-4,kary-2,3,4,create-archive,1,3.892
781,kary-2-4,kary-2,3,4,distribute-all-nodes,1,3.498
782,kary-2-4,kary-2,3,4,clean-all-nodes,1,0.309
783,kary-2-4,kary-2,3,4,delete-archive-all-nodes,1,0.024
784,kary-2-4,kary-2,3,4,create-leaf-nodes,1,3.978
785,kary-2-4,kary-2,3,4,distribute-leaf-nodes,1,2.666
786,kary-2-4,kary-2,3,4,clean-leaf-nodes,1,0.31
787,kary-2-4,kary-2,3,4,delete-archive-leaf-nodes,1,0.024
788,kary-2-4,kary-2,3,4,create-middle-nodes,1,4.005
789,kary-2-4,kary-2,3,4,distribute-middle-nodes-0,1,2.59
790,kary-2-4,kary-2,3,4,distribute-middle-nodes-1,1,2.685
791,kary-2-4,kary-2,3,4,clean-middle-nodes,1,0.309
792,kary-2-4,kary-2,3,4,delete-archive-middle-nodes,1,0.023
793,kary-2-4,kary-2,3,4,create-archive,2,7.944
794,kary-2-4,kary-2,3,4,distribute-all-nodes,2,5.346
795,kary-2-4,kary-2,3,4,clean-all-nodes,2,0.595
796,kary-2-4,kary-2,3,4,delete-archive-all-nodes,2,0.029
797,kary-2-4,kary-2,3,4,create-leaf-nodes,2,7.886
798,kary-2-4,kary-2,3,4,distribute-leaf-nodes,2,5.339
799,kary-2-4,kary-2,3,4,clean-leaf-nodes,2,0.631
800,kary-2-4,kary-2,3,4,delete-archive-leaf-nodes,2,0.03
801,kary-2-4,kary-2,3,4,create-middle-nodes,2,7.919
802,kary-2-4,kary-2,3,4,distribute-middle-nodes-0,2,5.244
803,kary-2-4,kary-2,3,4,distribute-middle-nodes-1,2,5.324
804,kary-2-4,kary-2,3,4,clean-middle-nodes,2,9.31
805,kary-2-4,kary-2,3,4,delete-archive-middle-nodes,2,0.03
806,kary-2-4,kary-2,0,4,create-archive,1,4.098
807,kary-2-4,kary-2,0,4,distribute-all-nodes,1,3.679
808,kary-2-4,kary-2,0,4,clean-all-nodes,1,0.306
809,kary-2-4,kary-2,0,4,delete-archive-all-nodes,1,0.024
810,kary-2-4,kary-2,0,4,create-leaf-nodes,1,3.962
811,kary-2-4,kary-2,0,4,distribute-leaf-nodes,1,2.517
812,kary-2-4,kary-2,0,4,clean-leaf-nodes,1,0.307
813,kary-2-4,kary-2,0,4,delete-archive-leaf-nodes,1,0.024
814,kary-2-4,kary-2,0,4,create-middle-nodes,1,3.991
815,kary-2-4,kary-2,0,4,distribute-middle-nodes-0,1,2.681
816,kary-2-4,kary-2,0,4,distribute-middle-nodes-1,1,2.611
817,kary-2-4,kary-2,0,4,clean-middle-nodes,1,0.307
818,kary-2-4,kary-2,0,4,delete-archive-middle-nodes,1,0.023
819,kary-2-4,kary-2,0,4,create-archive,2,8.034
820,kary-2-4,kary-2,0,4,distribute-all-nodes,2,5.23
821,kary-2-4,kary-2,0,4,clean-all-nodes,2,0.594
822,kary-2-4,kary-2,0,4,delete-archive-all-nodes,2,0.029
823,kary-2-4,kary-2,0,4,create-leaf-nodes,2,8.019
824,kary-2-4,kary-2,0,4,distribute-leaf-nodes,2,5.107
825,kary-2-4,kary-2,0,4,clean-leaf-nodes,2,0.592
826,kary-2-4,kary-2,0,4,delete-archive-leaf-nodes,2,0.029
827,kary-2-4,kary-2,0,4,create-middle-nodes,2,8.031
828,kary-2-4,kary-2,0,4,distribute-middle-nodes-0,2,5.247
829,kary-2-4,kary-2,0,4,distribute-middle-nodes-1,2,5.157
830,kary-2-4,kary-2,0,4,clean-middle-nodes,2,0.592
831,kary-2-4,kary-2,0,4,delete-archive-middle-nodes,2,0.029
832,kary-2-4,kary-2,1,4,create-archive,1,4.051
833,kary-2-4,kary-2,1,4,distribute-all-nodes,1,3.383
834,kary-2-4,kary-2,1,4,clean-all-nodes,1,0.349
835,kary-2-4,kary-2,1,4,delete-archive-all-nodes,1,0.024
836,kary-2-4,kary-2,1,4,create-leaf-nodes,1,4.017
837,kary-2-4,kary-2,1,4,distribute-leaf-nodes,1,2.67
838,kary-2-4,kary-2,1,4,clean-leaf-nodes,1,0.312
839,kary-2-4,kary-2,1,4,delete-archive-leaf-nodes,1,0.024
840,kary-2-4,kary-2,1,4,create-middle-nodes,1,4.028
841,kary-2-4,kary-2,1,4,distribute-middle-nodes-0,1,2.697
842,kary-2-4,kary-2,1,4,distribute-middle-nodes-1,1,2.675
843,kary-2-4,kary-2,1,4,clean-middle-nodes,1,0.31
844,kary-2-4,kary-2,1,4,delete-archive-middle-nodes,1,0.024
845,kary-2-4,kary-2,1,4,create-archive,2,7.812
846,kary-2-4,kary-2,1,4,distribute-all-nodes,2,5.353
847,kary-2-4,kary-2,1,4,clean-all-nodes,2,0.609
848,kary-2-4,kary-2,1,4,delete-archive-all-nodes,2,0.029
849,kary-2-4,kary-2,1,4,create-leaf-nodes,2,7.747
850,kary-2-4,kary-2,1,4,distribute-leaf-nodes,2,5.11
851,kary-2-4,kary-2,1,4,clean-leaf-nodes,2,0.586
852,kary-2-4,kary-2,1,4,delete-archive-leaf-nodes,2,0.029
853,kary-2-4,kary-2,1,4,create-middle-nodes,2,7.868
854,kary-2-4,kary-2,1,4,distribute-middle-nodes-0,2,5.186
855,kary-2-4,kary-2,1,4,distribute-middle-nodes-1,2,5.227
856,kary-2-4,kary-2,1,4,clean-middle-nodes,2,0.805
857,kary-2-4,kary-2,1,4,delete-archive-middle-nodes,2,0.029
858,kary-2-4,kary-2,2,4,create-archive,1,4.043
859,kary-2-4,kary-2,2,4,distribute-all-nodes,1,3.336
860,kary-2-4,kary-2,2,4,clean-all-nodes,1,0.305
861,kary-2-4,kary-2,2,4,delete-archive-all-nodes,1,0.023
862,kary-2-4,kary-2,2,4,create-leaf-nodes,1,4.008
863,kary-2-4,kary-2,2,4,distribute-leaf-nodes,1,2.68
864,kary-2-4,kary-2,2,4,clean-leaf-nodes,1,0.307
865,kary-2-4,kary-2,2,4,delete-archive-leaf-nodes,1,0.024
866,kary-2-4,kary-2,2,4,create-middle-nodes,1,4.018
867,kary-2-4,kary-2,2,4,distribute-middle-nodes-0,1,2.68
868,kary-2-4,kary-2,2,4,distribute-middle-nodes-1,1,2.669
869,kary-2-4,kary-2,2,4,clean-middle-nodes,1,0.307
870,kary-2-4,kary-2,2,4,delete-archive-middle-nodes,1,0.024
871,kary-2-4,kary-2,2,4,create-archive,2,8.093
872,kary-2-4,kary-2,2,4,distribute-all-nodes,2,5.418
873,kary-2-4,kary-2,2,4,clean-all-nodes,2,0.592
874,kary-2-4,kary-2,2,4,delete-archive-all-nodes,2,0.029
875,kary-2-4,kary-2,2,4,create-leaf-nodes,2,7.811
876,kary-2-4,kary-2,2,4,distribute-leaf-nodes,2,5.248
877,kary-2-4,kary-2,2,4,clean-leaf-nodes,2,0.591
878,kary-2-4,kary-2,2,4,delete-archive-leaf-nodes,2,0.029
879,kary-2-4,kary-2,2,4,create-middle-nodes,2,7.747
880,kary-2-4,kary-2,2,4,distribute-middle-nodes-0,2,5.366
881,kary-2-4,kary-2,2,4,distribute-middle-nodes-1,2,5.353
882,kary-2-4,kary-2,2,4,clean-middle-nodes,2,0.708
883,kary-2-4,kary-2,2,4,delete-archive-middle-nodes,2,0.029
884,kary-2-4,kary-2,4,4,create-archive,1,3.919
885,kary-2-4,kary-2,4,4,distribute-all-nodes,1,3.293
886,kary-2-4,kary-2,4,4,clean-all-nodes,1,0.325
887,kary-2-4,kary-2,4,4,delete-archive-all-nodes,1,0.024
888,kary-2-4,kary-2,4,4,create-leaf-nodes,1,4.021
889,kary-2-4,kary-2,4,4,distribute-leaf-nodes,1,2.499
890,kary-2-4,kary-2,4,4,clean-leaf-nodes,1,0.308
891,kary-2-4,kary-2,4,4,delete-archive-leaf-nodes,1,0.024
892,kary-2-4,kary-2,4,4,create-middle-nodes,1,3.864
893,kary-2-4,kary-2,4,4,distribute-middle-nodes-0,1,2.709
894,kary-2-4,kary-2,4,4,distribute-middle-nodes-1,1,2.568
895,kary-2-4,kary-2,4,4,clean-middle-nodes,1,0.306
896,kary-2-4,kary-2,4,4,delete-archive-middle-nodes,1,0.024
897,kary-2-4,kary-2,4,4,create-archive,2,7.994
898,kary-2-4,kary-2,4,4,distribute-all-nodes,2,5.352
899,kary-2-4,kary-2,4,4,clean-all-nodes,2,0.592
900,kary-2-4,kary-2,4,4,delete-archive-all-nodes,2,0.03
901,kary-2-4,kary-2,4,4,create-leaf-nodes,2,8.019
902,kary-2-4,kary-2,4,4,distribute-leaf-nodes,2,5.258
903,kary-2-4,kary-2,4,4,clean-leaf-nodes,2,0.595
904,kary-2-4,kary-2,4,4,delete-archive-leaf-nodes,2,0.029
905,kary-2-4,kary-2,4,4,create-middle-nodes,2,8.067
906,kary-2-4,kary-2,4,4,distribute-middle-nodes-0,2,5.096
907,kary-2-4,kary-2,4,4,distribute-middle-nodes-1,2,5.292
908,kary-2-4,kary-2,4,4,clean-middle-nodes,2,9.02
909,kary-2-4,kary-2,4,4,delete-archive-middle-nodes,2,0.03
910,kary-1-5,kary-1,3,5,create-archive,1,4.016
911,kary-1-5,kary-1,3,5,distribute-all-nodes,1,3.17
912,kary-1-5,kary-1,3,5,clean-all-nodes,1,0.317
913,kary-1-5,kary-1,3,5,delete-archive-all-nodes,1,0.029
914,kary-1-5,kary-1,3,5,create-leaf-nodes,1,3.964
915,kary-1-5,kary-1,3,5,distribute-leaf-nodes,1,2.686
916,kary-1-5,kary-1,3,5,clean-leaf-nodes,1,0.317
917,kary-1-5,kary-1,3,5,delete-archive-leaf-nodes,1,0.028
918,kary-1-5,kary-1,3,5,create-middle-nodes,1,3.973
919,kary-1-5,kary-1,3,5,distribute-middle-nodes-0,1,2.642
920,kary-1-5,kary-1,3,5,distribute-middle-nodes-1,1,2.538
921,kary-1-5,kary-1,3,5,clean-middle-nodes,1,0.317
922,kary-1-5,kary-1,3,5,delete-archive-middle-nodes,1,0.028
923,kary-1-5,kary-1,3,5,create-archive,2,7.783
924,kary-1-5,kary-1,3,5,distribute-all-nodes,2,5.361
925,kary-1-5,kary-1,3,5,clean-all-nodes,2,0.602
926,kary-1-5,kary-1,3,5,delete-archive-all-nodes,2,0.029
927,kary-1-5,kary-1,3,5,create-leaf-nodes,2,7.995
928,kary-1-5,kary-1,3,5,distribute-leaf-nodes,2,5.1
929,kary-1-5,kary-1,3,5,clean-leaf-nodes,2,0.604
930,kary-1-5,kary-1,3,5,delete-archive-leaf-nodes,2,0.029
931,kary-1-5,kary-1,3,5,create-middle-nodes,2,7.912
932,kary-1-5,kary-1,3,5,distribute-middle-nodes-0,2,5.204
933,kary-1-5,kary-1,3,5,distribute-middle-nodes-1,2,5.192
934,kary-1-5,kary-1,3,5,clean-middle-nodes,2,10.281
935,kary-1-5,kary-1,3,5,delete-archive-middle-nodes,2,0.03
936,kary-1-5,kary-1,0,5,create-archive,1,3.977
937,kary-1-5,kary-1,0,5,distribute-all-nodes,1,3.087
938,kary-1-5,kary-1,0,5,clean-all-nodes,1,7.454
939,kary-1-5,kary-1,0,5,delete-archive-all-nodes,1,0.029
940,kary-1-5,kary-1,0,5,create-leaf-nodes,1,4.004
941,kary-1-5,kary-1,0,5,distribute-leaf-nodes,1,3.15
942,kary-1-5,kary-1,0,5,clean-leaf-nodes,1,0.815
943,kary-1-5,kary-1,0,5,delete-archive-leaf-nodes,1,0.028
944,kary-1-5,kary-1,0,5,create-middle-nodes,1,3.989
945,kary-1-5,kary-1,0,5,distribute-middle-nodes-0,1,2.563
946,kary-1-5,kary-1,0,5,distribute-middle-nodes-1,1,3.012
947,kary-1-5,kary-1,0,5,clean-middle-nodes,1,0.541
948,kary-1-5,kary-1,0,5,delete-archive-middle-nodes,1,0.028
949,kary-1-5,kary-1,0,5,create-archive,2,7.967
950,kary-1-5,kary-1,0,5,distribute-all-nodes,2,5.872
951,kary-1-5,kary-1,0,5,clean-all-nodes,2,17.105
952,kary-1-5,kary-1,0,5,delete-archive-all-nodes,2,0.03
953,kary-1-5,kary-1,0,5,create-leaf-nodes,2,7.837
954,kary-1-5,kary-1,0,5,distribute-leaf-nodes,2,6.221
955,kary-1-5,kary-1,0,5,clean-leaf-nodes,2,19.947
956,kary-1-5,kary-1,0,5,delete-archive-leaf-nodes,2,0.03
957,kary-1-5,kary-1,0,5,create-middle-nodes,2,7.8
958,kary-1-5,kary-1,0,5,distribute-middle-nodes-0,2,5.138
959,kary-1-5,kary-1,0,5,distribute-middle-nodes-1,2,6.537
960,kary-1-5,kary-1,0,5,clean-middle-nodes,2,20.648
961,kary-1-5,kary-1,0,5,delete-archive-middle-nodes,2,0.03
962,kary-1-5,kary-1,1,5,create-archive,1,3.861
963,kary-1-5,kary-1,1,5,distribute-all-nodes,1,3.272
964,kary-1-5,kary-1,1,5,clean-all-nodes,1,0.314
965,kary-1-5,kary-1,1,5,delete-archive-all-nodes,1,0.027
966,kary-1-5,kary-1,1,5,create-leaf-nodes,1,3.958
967,kary-1-5,kary-1,1,5,distribute-leaf-nodes,1,2.495
968,kary-1-5,kary-1,1,5,clean-leaf-nodes,1,0.311
969,kary-1-5,kary-1,1,5,delete-archive-leaf-nodes,1,0.027
970,kary-1-5,kary-1,1,5,create-middle-nodes,1,3.974
971,kary-1-5,kary-1,1,5,distribute-middle-nodes-0,1,2.573
972,kary-1-5,kary-1,1,5,distribute-middle-nodes-1,1,2.684
973,kary-1-5,kary-1,1,5,clean-middle-nodes,1,0.313
974,kary-1-5,kary-1,1,5,delete-archive-middle-nodes,1,0.028
975,kary-1-5,kary-1,1,5,create-archive,2,7.749
976,kary-1-5,kary-1,1,5,distribute-all-nodes,2,5.366
977,kary-1-5,kary-1,1,5,clean-all-nodes,2,0.601
978,kary-1-5,kary-1,1,5,delete-archive-all-nodes,2,0.029
979,kary-1-5,kary-1,1,5,create-leaf-nodes,2,7.832
980,kary-1-5,kary-1,1,5,distribute-leaf-nodes,2,5.107
981,kary-1-5,kary-1,1,5,clean-leaf-nodes,2,0.585
982,kary-1-5,kary-1,1,5,delete-archive-leaf-nodes,2,0.03
983,kary-1-5,kary-1,1,5,create-middle-nodes,2,7.945
984,kary-1-5,kary-1,1,5,distribute-middle-nodes-0,2,5.077
985,kary-1-5,kary-1,1,5,distribute-middle-nodes-1,2,5.243
986,kary-1-5,kary-1,1,5,clean-middle-nodes,2,0.916
987,kary-1-5,kary-1,1,5,delete-archive-middle-nodes,2,0.029
988,kary-1-5,kary-1,2,5,create-archive,1,3.979
989,kary-1-5,kary-1,2,5,distribute-all-nodes,1,3.501
990,kary-1-5,kary-1,2,5,clean-all-nodes,1,0.353
991,kary-1-5,kary-1,2,5,delete-archive-all-nodes,1,0.028
992,kary-1-5,kary-1,2,5,create-leaf-nodes,1,3.995
993,kary-1-5,kary-1,2,5,distribute-leaf-nodes,1,2.647
994,kary-1-5,kary-1,2,5,clean-leaf-nodes,1,0.313
995,kary-1-5,kary-1,2,5,delete-archive-leaf-nodes,1,0.027
996,kary-1-5,kary-1,2,5,create-middle-nodes,1,3.963
997,kary-1-5,kary-1,2,5,distribute-middle-nodes-0,1,2.668
998,kary-1-5,kary-1,2,5,distribute-middle-nodes-1,1,2.649
999,kary-1-5,kary-1,2,5,clean-middle-nodes,1,0.312
1000,kary-1-5,kary-1,2,5,delete-archive-middle-nodes,1,0.027
1001,kary-1-5,kary-1,2,5,create-archive,2,7.78
1002,kary-1-5,kary-1,2,5,distribute-all-nodes,2,5.373
1003,kary-1-5,kary-1,2,5,clean-all-nodes,2,0.597
1004,kary-1-5,kary-1,2,5,delete-archive-all-nodes,2,0.029
1005,kary-1-5,kary-1,2,5,create-leaf-nodes,2,7.868
1006,kary-1-5,kary-1,2,5,distribute-leaf-nodes,2,5.216
1007,kary-1-5,kary-1,2,5,clean-leaf-nodes,2,0.597
1008,kary-1-5,kary-1,2,5,delete-archive-leaf-nodes,2,0.03
1009,kary-1-5,kary-1,2,5,create-middle-nodes,2,7.701
1010,kary-1-5,kary-1,2,5,distribute-middle-nodes-0,2,5.115
1011,kary-1-5,kary-1,2,5,distribute-middle-nodes-1,2,5.201
1012,kary-1-5,kary-1,2,5,clean-middle-nodes,2,9.048
1013,kary-1-5,kary-1,2,5,delete-archive-middle-nodes,2,0.03
1014,kary-1-5,kary-1,4,5,create-archive,1,4.04
1015,kary-1-5,kary-1,4,5,distribute-all-nodes,1,3.49
1016,kary-1-5,kary-1,4,5,clean-all-nodes,1,0.394
1017,kary-1-5,kary-1,4,5,delete-archive-all-nodes,1,0.028
1018,kary-1-5,kary-1,4,5,create-leaf-nodes,1,3.991
1019,kary-1-5,kary-1,4,5,distribute-leaf-nodes,1,2.687
1020,kary-1-5,kary-1,4,5,clean-leaf-nodes,1,0.317
1021,kary-1-5,kary-1,4,5,delete-archive-leaf-nodes,1,0.027
1022,kary-1-5,kary-1,4,5,create-middle-nodes,1,3.987
1023,kary-1-5,kary-1,4,5,distribute-middle-nodes-0,1,2.685
1024,kary-1-5,kary-1,4,5,distribute-middle-nodes-1,1,2.618
1025,kary-1-5,kary-1,4,5,clean-middle-nodes,1,0.315
1026,kary-1-5,kary-1,4,5,delete-archive-middle-nodes,1,0.028
1027,kary-1-5,kary-1,4,5,create-archive,2,7.855
1028,kary-1-5,kary-1,4,5,distribute-all-nodes,2,5.4
1029,kary-1-5,kary-1,4,5,clean-all-nodes,2,0.758
1030,kary-1-5,kary-1,4,5,delete-archive-all-nodes,2,0.029
1031,kary-1-5,kary-1,4,5,create-leaf-nodes,2,7.732
1032,kary-1-5,kary-1,4,5,distribute-leaf-nodes,2,5.277
1033,kary-1-5,kary-1,4,5,clean-leaf-nodes,2,0.601
1034,kary-1-5,kary-1,4,5,delete-archive-leaf-nodes,2,0.029
1035,kary-1-5,kary-1,4,5,create-middle-nodes,2,7.804
1036,kary-1-5,kary-1,4,5,distribute-middle-nodes-0,2,5.08
1037,kary-1-5,kary-1,4,5,distribute-middle-nodes-1,2,5.318
1038,kary-1-5,kary-1,4,5,clean-middle-nodes,2,9.759
1039,kary-1-5,kary-1,4,5,delete-archive-middle-nodes,2,0.031
1040,kary-2-5,kary-2,3,5,create-archive,1,4.055
1041,kary-2-5,kary-2,3,5,distribute-all-nodes,1,3.039
1042,kary-2-5,kary-2,3,5,clean-all-nodes,1,0.311
1043,kary-2-5,kary-2,3,5,delete-archive-all-nodes,1,0.024
1044,kary-2-5,kary-2,3,5,create-leaf-nodes,1,4.021
1045,kary-2-5,kary-2,3,5,distribute-leaf-nodes,1,2.646
1046,kary-2-5,kary-2,3,5,clean-leaf-nodes,1,0.308
1047,kary-2-5,kary-2,3,5,delete-archive-leaf-nodes,1,0.024
1048,kary-2-5,kary-2,3,5,create-middle-nodes,1,4.047
1049,kary-2-5,kary-2,3,5,distribute-middle-nodes-0,1,2.68
1050,kary-2-5,kary-2,3,5,distribute-middle-nodes-1,1,2.601
1051,kary-2-5,kary-2,3,5,clean-middle-nodes,1,0.31
1052,kary-2-5,kary-2,3,5,delete-archive-middle-nodes,1,0.024
1053,kary-2-5,kary-2,3,5,create-archive,2,7.917
1054,kary-2-5,kary-2,3,5,distribute-all-nodes,2,5.32
1055,kary-2-5,kary-2,3,5,clean-all-nodes,2,0.594
1056,kary-2-5,kary-2,3,5,delete-archive-all-nodes,2,0.029
1057,kary-2-5,kary-2,3,5,create-leaf-nodes,2,7.791
1058,kary-2-5,kary-2,3,5,distribute-leaf-nodes,2,5.414
1059,kary-2-5,kary-2,3,5,clean-leaf-nodes,2,0.595
1060,kary-2-5,kary-2,3,5,delete-archive-leaf-nodes,2,0.03
1061,kary-2-5,kary-2,3,5,create-middle-nodes,2,7.881
1062,kary-2-5,kary-2,3,5,distribute-middle-nodes-0,2,5.251
1063,kary-2-5,kary-2,3,5,distribute-middle-nodes-1,2,5.347
1064,kary-2-5,kary-2,3,5,clean-middle-nodes,2,0.621
1065,kary-2-5,kary-2,3,5,delete-archive-middle-nodes,2,0.03
1066,kary-2-5,kary-2,0,5,create-archive,1,4.021
1067,kary-2-5,kary-2,0,5,distribute-all-nodes,1,3.257
1068,kary-2-5,kary-2,0,5,clean-all-nodes,1,0.308
1069,kary-2-5,kary-2,0,5,delete-archive-all-nodes,1,0.023
1070,kary-2-5,kary-2,0,5,create-leaf-nodes,1,3.995
1071,kary-2-5,kary-2,0,5,distribute-leaf-nodes,1,2.649
1072,kary-2-5,kary-2,0,5,clean-leaf-nodes,1,0.313
1073,kary-2-5,kary-2,0,5,delete-archive-leaf-nodes,1,0.023
1074,kary-2-5,kary-2,0,5,create-middle-nodes,1,3.985
1075,kary-2-5,kary-2,0,5,distribute-middle-nodes-0,1,2.673
1076,kary-2-5,kary-2,0,5,distribute-middle-nodes-1,1,2.622
1077,kary-2-5,kary-2,0,5,clean-middle-nodes,1,0.314
1078,kary-2-5,kary-2,0,5,delete-archive-middle-nodes,1,0.023
1079,kary-2-5,kary-2,0,5,create-archive,2,7.876
1080,kary-2-5,kary-2,0,5,distribute-all-nodes,2,5.348
1081,kary-2-5,kary-2,0,5,clean-all-nodes,2,0.599
1082,kary-2-5,kary-2,0,5,delete-archive-all-nodes,2,0.029
1083,kary-2-5,kary-2,0,5,create-leaf-nodes,2,7.887
1084,kary-2-5,kary-2,0,5,distribute-leaf-nodes,2,5.395
1085,kary-2-5,kary-2,0,5,clean-leaf-nodes,2,0.6
1086,kary-2-5,kary-2,0,5,delete-archive-leaf-nodes,2,0.029
1087,kary-2-5,kary-2,0,5,create-middle-nodes,2,7.925
1088,kary-2-5,kary-2,0,5,distribute-middle-nodes-0,2,5.08
1089,kary-2-5,kary-2,0,5,distribute-middle-nodes-1,2,5.37
1090,kary-2-5,kary-2,0,5,clean-middle-nodes,2,9.03
1091,kary-2-5,kary-2,0,5,delete-archive-middle-nodes,2,0.029
1092,kary-2-5,kary-2,1,5,create-archive,1,4.002
1093,kary-2-5,kary-2,1,5,distribute-all-nodes,1,3.534
1094,kary-2-5,kary-2,1,5,clean-all-nodes,1,0.307
1095,kary-2-5,kary-2,1,5,delete-archive-all-nodes,1,0.024
1096,kary-2-5,kary-2,1,5,create-leaf-nodes,1,4.031
1097,kary-2-5,kary-2,1,5,distribute-leaf-nodes,1,2.624
1098,kary-2-5,kary-2,1,5,clean-leaf-nodes,1,0.307
1099,kary-2-5,kary-2,1,5,delete-archive-leaf-nodes,1,0.024
1100,kary-2-5,kary-2,1,5,create-middle-nodes,1,4.009
1101,kary-2-5,kary-2,1,5,distribute-middle-nodes-0,1,2.704
1102,kary-2-5,kary-2,1,5,distribute-middle-nodes-1,1,2.77
1103,kary-2-5,kary-2,1,5,clean-middle-nodes,1,0.314
1104,kary-2-5,kary-2,1,5,delete-archive-middle-nodes,1,0.024
1105,kary-2-5,kary-2,1,5,create-archive,2,7.873
1106,kary-2-5,kary-2,1,5,distribute-all-nodes,2,5.339
1107,kary-2-5,kary-2,1,5,clean-all-nodes,2,0.6
1108,kary-2-5,kary-2,1,5,delete-archive-all-nodes,2,0.029
1109,kary-2-5,kary-2,1,5,create-leaf-nodes,2,7.841
1110,kary-2-5,kary-2,1,5,distribute-leaf-nodes,2,5.3
1111,kary-2-5,kary-2,1,5,clean-leaf-nodes,2,0.598
1112,kary-2-5,kary-2,1,5,delete-archive-leaf-nodes,2,0.03
1113,kary-2-5,kary-2,1,5,create-middle-nodes,2,7.998
1114,kary-2-5,kary-2,1,5,distribute-middle-nodes-0,2,5.203
1115,kary-2-5,kary-2,1,5,distribute-middle-nodes-1,2,5.228
1116,kary-2-5,kary-2,1,5,clean-middle-nodes,2,0.603
1117,kary-2-5,kary-2,1,5,delete-archive-middle-nodes,2,0.03
1118,kary-2-5,kary-2,2,5,create-archive,1,3.965
1119,kary-2-5,kary-2,2,5,distribute-all-nodes,1,3.476
1120,kary-2-5,kary-2,2,5,clean-all-nodes,1,0.309
1121,kary-2-5,kary-2,2,5,delete-archive-all-nodes,1,0.024
1122,kary-2-5,kary-2,2,5,create-leaf-nodes,1,3.989
1123,kary-2-5,kary-2,2,5,distribute-leaf-nodes,1,2.634
1124,kary-2-5,kary-2,2,5,clean-leaf-nodes,1,0.309
1125,kary-2-5,kary-2,2,5,delete-archive-leaf-nodes,1,0.024
1126,kary-2-5,kary-2,2,5,create-middle-nodes,1,3.962
1127,kary-2-5,kary-2,2,5,distribute-middle-nodes-0,1,2.649
1128,kary-2-5,kary-2,2,5,distribute-middle-nodes-1,1,2.675
1129,kary-2-5,kary-2,2,5,clean-middle-nodes,1,0.311
1130,kary-2-5,kary-2,2,5,delete-archive-middle-nodes,1,0.023
1131,kary-2-5,kary-2,2,5,create-archive,2,8.019
1132,kary-2-5,kary-2,2,5,distribute-all-nodes,2,5.345
1133,kary-2-5,kary-2,2,5,clean-all-nodes,2,0.598
1134,kary-2-5,kary-2,2,5,delete-archive-all-nodes,2,0.03
1135,kary-2-5,kary-2,2,5,create-leaf-nodes,2,8.013
1136,kary-2-5,kary-2,2,5,distribute-leaf-nodes,2,5.382
1137,kary-2-5,kary-2,2,5,clean-leaf-nodes,2,0.594
1138,kary-2-5,kary-2,2,5,delete-archive-leaf-nodes,2,0.03
1139,kary-2-5,kary-2,2,5,create-middle-nodes,2,7.834
1140,kary-2-5,kary-2,2,5,distribute-middle-nodes-0,2,5.264
1141,kary-2-5,kary-2,2,5,distribute-middle-nodes-1,2,5.331
1142,kary-2-5,kary-2,2,5,clean-middle-nodes,2,0.796
1143,kary-2-5,kary-2,2,5,delete-archive-middle-nodes,2,0.03
1144,kary-2-5,kary-2,4,5,create-archive,1,4.018
1145,kary-2-5,kary-2,4,5,distribute-all-nodes,1,3.275
1146,kary-2-5,kary-2,4,5,clean-all-nodes,1,0.31
1147,kary-2-5,kary-2,4,5,delete-archive-all-nodes,1,0.024
1148,kary-2-5,kary-2,4,5,create-leaf-nodes,1,4.028
1149,kary-2-5,kary-2,4,5,distribute-leaf-nodes,1,2.708
1150,kary-2-5,kary-2,4,5,clean-leaf-nodes,1,0.315
1151,kary-2-5,kary-2,4,5,delete-archive-leaf-nodes,1,0.024
1152,kary-2-5,kary-2,4,5,create-middle-nodes,1,4.012
1153,kary-2-5,kary-2,4,5,distribute-middle-nodes-0,1,2.663
1154,kary-2-5,kary-2,4,5,distribute-middle-nodes-1,1,2.661
1155,kary-2-5,kary-2,4,5,clean-middle-nodes,1,0.314
1156,kary-2-5,kary-2,4,5,delete-archive-middle-nodes,1,0.023
1157,kary-2-5,kary-2,4,5,create-archive,2,8.026
1158,kary-2-5,kary-2,4,5,distribute-all-nodes,2,5.314
1159,kary-2-5,kary-2,4,5,clean-all-nodes,2,0.598
1160,kary-2-5,kary-2,4,5,delete-archive-all-nodes,2,0.029
1161,kary-2-5,kary-2,4,5,create-leaf-nodes,2,7.992
1162,kary-2-5,kary-2,4,5,distribute-leaf-nodes,2,5.369
1163,kary-2-5,kary-2,4,5,clean-leaf-nodes,2,0.597
1164,kary-2-5,kary-2,4,5,delete-archive-leaf-nodes,2,0.029
1165,kary-2-5,kary-2,4,5,create-middle-nodes,2,7.744
1166,kary-2-5,kary-2,4,5,distribute-middle-nodes-0,2,5.243
1167,kary-2-5,kary-2,4,5,distribute-middle-nodes-1,2,5.327
1168,kary-2-5,kary-2,4,5,clean-middle-nodes,2,9.816
1169,kary-2-5,kary-2,4,5,delete-archive-middle-nodes,2,0.03
